{
  "project_info": {
    "project_number": "82681878820",
    "firebase_url": "https://upress-8f066.firebaseio.com",
    "project_id": "upress-8f066",
    "storage_bucket": "upress-8f066.appspot.com"
  },
  "client": [
    {
      "client_info": {
        "mobilesdk_app_id": "1:82681878820:android:bba103585d775c04c63bb1",
        "android_client_info": {
          "package_name": "com.juba.presscom"
        }
      },
      "oauth_client": [
        {
          "client_id": "82681878820-kppg01mcv186p45boel58guodifvfu1v.apps.googleusercontent.com",
          "client_type": 1,
          "android_info": {
            "package_name": "com.juba.presscom",
            "certificate_hash": "18d123839c05a3977d719377f6355618d1a4bfef"
          }
        },
        {
          "client_id": "82681878820-c31gs1r575n00o56ndpip8vm0djsca8e.apps.googleusercontent.com",
          "client_type": 3
        }
      ],
      "api_key": [
        {
          "current_key": "AIzaSyC60ygCGTlFIQJoOOOGzFi6OJg9cbAMjNU"
        }
      ],
      "services": {
        "appinvite_service": {
          "other_platform_oauth_client": [
            {
              "client_id": "82681878820-c31gs1r575n00o56ndpip8vm0djsca8e.apps.googleusercontent.com",
              "client_type": 3
            }
          ]
        }
      }
    }
  ],
  "configuration_version": "1"
}